ticker,official_chinese_name,official_english_name,industry,mean_market_cap,mean_daily_market_cap_weight,first_market_cap,last_market_cap,first_daily_market_cap_weight,last_daily_market_cap_weight
2330,台灣積體電路製造,"Taiwan Semiconductor Manufacturing Co.,",M23G 半導體,3.462373157e+13,0.5530886577,2.44805e+13,4.5641243e+13,0.5072662857,0.5954216376
2317,鴻海精密工業,"Hon Hai Precision Ind. Co., Ltd.",M23A 電腦及週邊,2.756221342e+12,0.04467599187,2.111539e+12,2.630372e+12,0.04375370379,0.0343150252
2454,聯發科技,Mediatek Inc.,M23G 半導體,2.270624354e+12,0.03739813649,2.338427e+12,2.389817e+12,0.04845510421,0.03117681856
2308,台達電子工業,"Delta Electronics, Inc.",M23D 電子零組件,2.070813905e+12,0.03188672031,9.63689e+11,3.58461e+12,0.01996882987,0.04676372106
2881,富邦金融控股,"Fubon Financial Holding Co., Ltd.",M28L 金融控股,1.21692549e+12,0.02010053631,1.194384e+12,1.204633e+12,0.02474911605,0.01571527212
2382,廣達電腦,Quanta Computer Inc.,M23A 電腦及週邊,1.060791963e+12,0.01755909356,9.03855e+11,1.075742e+12,0.01872899527,0.01403379972
2412,中華電信,"Chunghwa Telecom Co., Ltd.",M23K 通信網路,1.026776202e+12,0.01712013184,1.008468e+12,1.03174e+12,0.02089670622,0.01345976314
2882,國泰金融控股,"Cathay Financial Holding Co., Ltd.",M28L 金融控股,9.721641646e+11,0.01598700898,9.03623e+11,1.031245e+12,0.01872418794,0.01345330553
3711,日月光投資控股,"ASE Technology Holding Co., Ltd.",M23G 半導體,9.090939918e+11,0.01428191646,6.6064e+11,1.465384e+12,0.01368927918,0.01911694957
2891,中國信託金融控股,"CTBC Financial Holding Co., Ltd.",M28L 金融控股,8.753521399e+11,0.01438406604,7.84166e+11,1.009472e+12,0.01624889092,0.01316926166
2303,聯華電子,United Microelectronics Corp.,M23G 半導體,6.086156255e+11,0.009966613065,5.77057e+11,7.10687e+11,0.01195733588,0.009271404316
6669,緯穎科技服務,Wiwynn Corporation,M23A 電腦及週邊,6.077873374e+11,0.009721249726,3.20575e+11,6.13275e+11,0.006642711119,0.008000597284
2886,兆豐金融控股,Mega Financial Holding Company Ltd.,M28L 金融控股,5.995980864e+11,0.01000707176,5.88885e+11,5.70343e+11,0.01220242669,0.007440519598
2345,智邦科技,Accton Technology Corp.,M23K 通信網路,5.511759465e+11,0.008773235192,3.30498e+11,8.47288e+11,0.006848327971,0.01105345901
2884,玉山金融控股,"E.SUN Financial Holding Company, Ltd.",M28L 金融控股,5.159690494e+11,0.008554441039,4.64678e+11,5.13525e+11,0.009628703789,0.006699289422
2885,元大金融控股,"Yuanta Financial Holding Co., Ltd.",M28L 金融控股,4.740554239e+11,0.007731450162,4.40705e+11,5.96569e+11,0.009131953532,0.007782655939
2383,台光電子材料,"Elite Material Co., Ltd.",M23B 印刷電路板,4.671446872e+11,0.007220579988,1.88992e+11,9.31635e+11,0.003916148358,0.01215382406
2357,華碩電腦,Asustek Computer Inc.,M23A 電腦及週邊,4.52440358e+11,0.007594085567,4.55312e+11,4.07775e+11,0.009434628667,0.005319707403
1216,統一企業,Uni-President Enterprises Corp.,M12C 飲料乳品,4.399516543e+11,0.007386024169,4.66493e+11,4.03423e+11,0.009666312838,0.005262932548
2603,長榮海運,Evergreen Marine Corp. (Taiwan) Ltd.,M26A 海運,4.31467214e+11,0.007265120384,4.90382e+11,4.31926e+11,0.01016132251,0.005634773931
6505,台塑石化,Formosa Petrochemical Corp.,M13C 輕油裂解,4.208318066e+11,0.006847441852,3.58652e+11,5.2488e+11,0.007431713727,0.006847423264
2880,華南金融控股,"Hua Nan Financial Holdings Co., Ltd.",M28L 金融控股,4.122565226e+11,0.006779986232,3.8375e+11,4.62043e+11,0.007951775378,0.006027671063
3045,台灣大哥大,"Taiwan Mobile Co., Ltd.",M23K 通信網路,4.080342222e+11,0.006843184264,4.31898e+11,4.05836e+11,0.008949461582,0.005294411804
2892,第一金融控股,"First Financial Holding Co., Ltd.",M28L 金融控股,4.059059753e+11,0.006728243655,3.82283e+11,4.05501e+11,0.007921377321,0.005290041497
2887,台新新光金融控股,"TS Financial Holding Co., Ltd.",M28L 金融控股,4.045576132e+11,0.006334503178,2.25136e+11,5.75657e+11,0.004665096812,0.00750984441
3231,緯創資通,Wistron Corporation,M23A 電腦及週邊,3.949246543e+11,0.006446075109,2.93785e+11,3.89601e+11,0.006087589132,0.005082614981
2327,國巨,Yageo Corporation,M23D 電子零組件,3.809309794e+11,0.005989792009,2.53442e+11,5.04767e+11,0.005251632196,0.006585035244
1303,南亞塑膠工業,Nan Ya Plastics Corporation,M13A 石化,3.778432551e+11,0.005908563567,2.47045e+11,5.86088e+11,0.005119078432,0.007645924032
5880,合作金庫金融控股,Taiwan Cooperative Financial Holding Co.,M28L 金融控股,3.762544074e+11,0.00628347386,3.69187e+11,3.67718e+11,0.007650011978,0.004797136084
2890,永豐金融控股,Sinopac Financial Holdings Company Limit,M28L 金融控股,3.574627901e+11,0.005787629984,2.82894e+11,4.44914e+11,0.005861914121,0.00580421139
2301,光寶科技,Lite-On Technology Corp.,M23D 電子零組件,3.253006543e+11,0.005239529778,2.21346e+11,3.25507e+11,0.004586563317,0.004246464343
4904,遠傳電信,"Far EasTone Telecommunications Co., Ltd.",M23K 通信網路,3.189453539e+11,0.005307727522,3.33528e+11,3.31486e+11,0.006911113325,0.004324464541
2207,和泰汽車,"Hotai Motor Co., Ltd.",M22X 汽車買賣,3.17710214e+11,0.005341916205,3.41504e+11,2.69359e+11,0.007076385925,0.003513974781
2002,中國鋼鐵,China Steel Corporation,M20A 基本金屬,3.065448848e+11,0.005137346411,3.61115e+11,2.97389e+11,0.007482750139,0.003879645552
3008,大立光電,"Largan Precision Co., Ltd.",M23U 消費性電子,3.06455037e+11,0.005102295708,3.29666e+11,2.87624e+11,0.0068310879,0.003752254361
2883,凱基金融控股,"KGI Financial Holding Co., Ltd.",M28L 金融控股,2.814776049e+11,0.0046488688,2.93298e+11,3.26766e+11,0.006077497889,0.004262888871
2395,研華,"Advantech Co., Ltd.",M23A 電腦及週邊,2.78122856e+11,0.004677751039,3.3184e+11,2.76539e+11,0.006876135874,0.003607642856
2379,瑞昱半導體,Realtek Semiconductor Corporation,M23G 半導體,2.680886008e+11,0.004496272956,2.69253e+11,2.46415e+11,0.005579255703,0.003214654404
3034,聯詠科技,Novatek Microelectronics Corp.,M23G 半導體,2.667020494e+11,0.00454943987,3.35898e+11,2.3093e+11,0.00696022266,0.00301264185
3661,世芯電子,"Alchip Technologies, Limited",M23G 半導體,2.620118889e+11,0.004312866871,2.1548e+11,2.02612e+11,0.00446501253,0.00264321392
2912,統一超商,President Chain Store Corporation,M29A 百貨批發,2.526945021e+11,0.004267110575,2.62505e+11,2.33395e+11,0.005439428783,0.003044799483
1301,台灣塑膠工業,Formosa Plastics Corporation,M13A 石化,2.522601811e+11,0.004143708177,2.40943e+11,2.92188e+11,0.004992637433,0.003811794903
2615,萬海航運,Wan Hai Lines Ltd.,M26A 海運,2.367717819e+11,0.004000933398,2.29823e+11,2.16354e+11,0.004762217258,0.002822487831
2801,彰化商業銀行,"Chang Hwa Commercial Bank, Ltd.",M28A 本國銀行,2.278728107e+11,0.003760138305,2.01143e+11,2.40027e+11,0.00416793213,0.003131318518
2609,陽明海運,Yang Ming Marine Transport Corp.,M26A 海運,2.131865103e+11,0.003633913822,2.68892e+11,1.81589e+11,0.005571775335,0.002368954319
5876,上海商業儲蓄銀行,"The Shanghai Commercial & Savings Bank,",M28A 本國銀行,2.068072099e+11,0.003495074911,2.20474e+11,1.89603e+11,0.004568494397,0.002473502502
2618,長榮航空,EVA Airways Corporation,M26D 空運,2.050535144e+11,0.003450533607,2.24929e+11,1.83345e+11,0.004660807515,0.002391862556
4938,和碩聯合科技,Pegatron Corporation,M23A 電腦及週邊,2.013103663e+11,0.003389486715,2.32762e+11,2.04381e+11,0.004823116979,0.002666291751
5871,中租控股,Chailease Holding Company Limited,M28K 租賃,1.90989321e+11,0.003216086075,1.99666e+11,1.87401e+11,0.00413732686,0.002444775886
1101,台灣水泥,"TCC Group Holdings CO., LTD.",M11A 水泥製造,1.8792e+11,0.003177974898,2.44658e+11,1.73033e+11,0.005069616835,0.002257335371
